Yesilkoy;32.7271;36.5618;1801.0
Gokbelen;33.2209;36.3385;2682.0
Nernek;35.0833;36.9833;90359.0
Bozhoyuk;30.0092;36.7589;5339.0
Gevlegiz;33.1403;36.4579;2682.0
Mahmutaga;34.9694;36.9362;90025.0
ZekiAyan;34.6099;36.8175;84090.0
Cemre;29.6604;36.5224;3129.0
SamayilYaylasi;33.5667;37.4667;2682.0
Altinyaka;30.3483;36.5586;3129.0
Arifkoy;30.0494;36.5169;3129.0
Gunesli;33.1515;36.3415;2682.0
Hasdumen;31.001;37.2377;3129.0
AvniTolunay;30.6272;36.9044;106489.0
Yalniz;30.1167;36.4667;3129.0
Catak;33.7606;36.667;2682.0
Ortakoy;33.2729;36.2619;2682.0
Dag;30.5042;37.1931;3012.0
Ayiveliler;29.8418;36.3152;3129.0
Piromerli;34.6856;37.0348;2533.0
Kayaonu;32.9851;36.6285;1788.0
Egilmez;33.1752;37.5299;2682.0
Katranli;32.7482;36.7457;1788.0
Mavikent;30.35;36.3167;18156.0
Sarilar;34.3096;36.9018;2562.0
Tirtar;33.6431;36.8884;2585.0
AsagiMahalle;32.8782;36.5472;1819.0
Dutluca;31.8059;37.0394;18513.0
Cataloluk;32.7881;36.1445;4292.0
Akcamasat;33.0704;36.3255;2682.0
Kocapinar;29.9612;36.7176;14797.0
Evciler;32.9037;36.1588;6465.0
Yenikas;33.2849;36.1335;1488.0
Gunes;30.7348;36.9183;111843.0
Pinarkaya;33.7173;37.1144;1788.0
Bugus;31.0289;37.0388;3129.0
Guneykent;34.6309;36.8399;93724.0
Zirlankaya;31.0231;37.0213;3129.0
Nurikoy;33.5913;36.4196;2682.0
Doguyaka;30.7426;36.9019;103789.0
Guzeloluk;34.0827;36.7944;2679.0
Sulek;31.5575;36.7539;24076.0
Boluceagac;29.5865;36.2912;3129.0
AsagiAkin;33.0211;36.8931;1788.0
Mentesbey;31.6504;37.0268;3129.0
Zeytinada;32.4702;36.1411;1966.0
Gedikbasi;29.7563;36.4283;3129.0
SehitMustafa;34.8903;36.9153;101693.0
Irmakli;33.415;36.5712;6850.0
Gokcesaray;32.5538;36.2588;3129.0
Sapandere;34.8167;36.85;90853.0
Duruhan;33.2965;36.2417;2682.0
Ergenekon;34.8525;36.9295;100539.0
Kazimkarabekir;32.9589;37.2303;3563.0
Degirmenli;31.5533;36.8581;3464.0
Ibradi;31.5992;37.0969;8883.0
Yildiz;30.6855;36.8939;82532.0
CamiSerif;34.6309;36.8025;61739.0
Ortakoy;32.122;36.7866;3129.0
Pasakoy;32.0019;36.6252;7338.0
Daran;32.6801;36.5631;1801.0
Camlica;32.29;36.4295;3129.0
Solakkoy;30.9;36.9667;53667.0
Ballibucak;31.1092;37.2969;3129.0
Taskesigi;31.6325;36.7585;7675.0
Asagiihti;33.7167;36.6;2682.0
Cercili;34.1725;36.764;2682.0
Bucakkoy;31.2064;37.0281;3129.0
Ucoluk;30.4165;36.7158;3129.0
Pinarbasi;29.6698;36.2394;3125.0
CukurBanaz;32.8837;36.3024;2682.0
Sucati;33.3697;36.6059;7752.0
Mucuk;33.3768;36.5864;5940.0
Sigardic;32.9288;36.3171;2682.0
Balkaya;32.0872;36.7532;3129.0
Manavgat;31.4431;36.7867;89307.0
Habibler;30.732;36.9522;115371.0
Celebiciftligi;34.9833;36.9833;103068.0
KozlarYaylasi;33.5219;36.7478;2682.0
Hebilli;34.6615;36.9172;46120.0
BeskuyuYaylasi;32.75;36.4333;2383.0
Varlik;30.6855;36.8907;73691.0
Sebil;34.5624;37.1291;2533.0
Emirsah;32.7896;36.0828;11766.0
Sariagac;32.8548;36.2161;2682.0
Anamur;32.8369;36.0751;57128.0
Gulveren;30.6376;36.9029;103118.0
AsagiGuneykaya;31.7103;36.9016;3129.0
Gokcetas;33.176;36.8805;2031.0
Tepetaspinar;34.6653;37.0099;2533.0
Sucular;34.8195;36.9606;64287.0
Gaziler;31.1844;37.2561;3129.0
SogutYaylasi;33.1571;36.2765;2682.0
Bogazakent;31.1594;36.8528;5000.0
Obaalacami;32.112;36.603;6275.0
Bozyer;30.2333;36.4333;6188.0
Gebece;31.648;36.8366;3129.0
Cakis;31.1852;36.922;14420.0
Gencler;31.7103;36.7829;3129.0
Sarisu;33.1838;36.1384;1571.0
Yesilvadi;31.0939;37.2074;3129.0
ElliYil;34.5707;36.7966;79734.0
Cevizler;31.5488;36.7612;25259.0
Ulukapi;31.5;36.8167;21448.0
Aladag;34.9607;37.0817;18066.0
KavakyaniYaylasi;34.2167;36.9;2565.0
Yesilkoy;30.8014;36.8956;107221.0
YeniEmek;30.6993;36.9263;109254.0
Saykoy;34.7878;36.9405;69002.0
Bayirkoy;32.9067;36.9274;1788.0
Arslanli;34.1843;36.6777;2682.0
Araplar;31.084;36.9616;12505.0
Yenikoy;29.5975;36.2251;2681.0
Araca;32.7027;36.178;2682.0
Turkler;31.8151;36.6013;7240.0
Ortabelen;32.6706;36.0844;2356.0
Karacaoglan;33.7311;36.6687;2682.0
Nebiler;30.9394;37.0267;3219.0
Dorumlar;30.8688;37.1545;3129.0
Guzelyayla;34.4916;37.0528;2533.0
Selcuklar;34.627;36.8208;79116.0
Akpinar;33.8682;37.1668;1788.0
Beykonak;30.303;36.3257;30339.0
Inonu;33.7667;37.3167;5552.0
Kumlucayazan;30.4189;36.3858;3129.0
Cavusir;33.9167;36.3167;68265.0
GullerPinari;32.011;36.5469;17973.0
Ayranci;33.6883;37.3613;2148.0
Sagirin;31.2314;37.0112;3129.0
Masata;31.5169;37.185;3129.0
Cukurkesli;34.504;36.8985;4685.0
Cagman;29.9381;36.3844;3129.0
Nurindiciftligi;33.1;36.5833;1957.0
Turbekoy;32.9;36.7833;1790.0
Golkoy;30.2411;36.5869;3129.0
Muzkent;32.3961;36.1853;4990.0
Resadiye;34.8972;36.9213;103005.0
Eminciler;31.0565;36.8923;24623.0
Cavuskoy;32.9524;36.5631;1800.0
Goktepe;32.6228;36.6269;1838.0
Mesudtiye;34.6276;36.8039;61739.0
Hocakoy;31.6554;36.9083;3129.0
Gocekler;33.575;36.5533;2682.0
Sinci;32.9092;37.3709;2186.0
Yesilevler;34.9022;36.8964;86655.0
Harfilli;34.0585;36.7897;2681.0
Seyhkoy;30.1833;36.5167;3129.0
Halitaga;34.9456;36.8902;57666.0
Mentes;34.5705;36.7896;72267.0
Asagikocayatak;30.958;36.9099;25619.0
Menderes;30.7763;36.9421;114661.0
YusufKilic;34.6029;36.8184;86782.0
Gokcepinar;31.0696;37.0611;3129.0
Basmakci;30.9563;37.279;3129.0
Burunucu;33.9238;36.3466;94407.0
YukariGozne;34.5667;37.0;2533.0
Boyali;33.183;37.0563;1788.0
Esentepe;32.6955;36.6144;1788.0
Cukurbag;33.6001;36.6933;2682.0
Fener;30.7523;36.856;49797.0
Gunduzler;33.7248;36.5174;2682.0
Yanisli;33.4956;36.1646;1766.0
Degirmendere;32.0597;36.6016;12495.0
Oymapinar;31.5157;36.8775;3453.0
Sogucak;34.5472;36.9706;2533.0
Yarmasu;33.0907;36.377;2682.0
Catalca;35.0126;36.8087;2925.0
Sulek;31.4833;36.8333;22030.0
Kilicli;29.7699;36.1943;2956.0
Guldere;33.4722;37.0242;2006.0
HusnuKarakas;30.7273;36.9376;115091.0
Aliefendioglu;34.9101;36.8832;67078.0
Bayirkozaagaci;31.9816;36.7077;3129.0
Tirnak;33.4333;36.285;2682.0
Camizlar;29.3317;36.4182;2967.0
Alacami;31.0445;36.9964;3537.0
Topalli;30.8097;37.0349;17795.0
Sira;33.15;36.55;2159.0
Guzelyurt;33.2064;36.8313;2456.0
Duatepe;34.8894;36.9094;101693.0
Bozkaya;32.6986;36.7337;1788.0
Gedikpinar;33.877;36.4897;2682.0
Doyran;30.55;36.9;59840.0
Tirtar;34.2351;36.5397;41049.0
Kaslioglu;32.25;36.45;3757.0
Dereli;30.6539;37.1348;3129.0
Egripinar;33.6524;36.2185;2461.0
Takbas;34.8359;36.9455;87183.0
Bayat;30.3177;37.0558;3129.0
Bozlar;31.2;37.2;3129.0
Yuvacik;29.5605;36.4322;3129.0
Musali;34.6117;36.9591;4725.0
Etler;31.0596;37.1429;3129.0
Guzelsu;31.8564;36.8947;3129.0
KislacikMahallesi;32.8122;36.67;1788.0
EskiOmerli;34.8937;36.9258;102483.0
Ilicakoy;31.3672;36.8219;25624.0
Cukurova;34.5919;36.8399;101164.0
Yalnizcabag;33.1595;36.6492;2497.0
Bayatbademlesi;30.4689;37.0708;3129.0
Dinek;33.2498;37.3863;2031.0
Burhan;34.7333;36.9;66366.0
Salmanlar;32.3782;36.1859;5909.0
Belen;31.274;36.9225;3675.0
Atalar;34.85;36.85;76345.0
Haciceliller;30.8;37.15;3129.0
Inkoy;34.7176;37.2406;2533.0
Egelkoyu;30.5189;36.5058;13662.0
Kazanci;32.8613;36.5019;1877.0
Suluca;31.45;37.2;3129.0
Cirbiklar;34.9621;37.0603;31831.0
Kizelen;34.0814;36.7074;2682.0
Yegenli;33.9985;36.5997;2682.0
Boldag;30.1395;36.2884;16262.0
Gokcukur;33.2142;36.1638;2285.0
Belbasi;30.1358;36.435;4446.0
Boyalik;32.7322;36.6062;1788.0
Bayandir;30.6719;36.9008;92230.0
Hocali;31.6108;36.8144;3129.0
Doglu;34.425;36.7468;47619.0
Selcuk;30.7026;36.8858;74363.0
Cayici;30.2333;36.4667;3129.0
Mamuras;35.0833;36.85;4633.0
Garipce;30.3483;37.2953;2542.0
Narli;33.6385;36.6555;2682.0
Sahmurlu;34.0136;36.6456;2682.0
Bekiralani;34.5275;36.9828;2533.0
Evciler;32.8513;36.3552;2682.0
Hocaseki;32.3512;36.435;3129.0
Bagcagiz;33.5343;36.692;4213.0
Erenler;33.9167;36.3833;93904.0
Yavu;29.8344;36.2487;3120.0
Malaklar;32.8429;36.1308;11619.0
Anit;34.8769;36.9159;102426.0
Horozlu;34.4602;37.0403;2533.0
Akgedik;34.9089;36.9581;97136.0
Dorak;34.6524;37.0242;2533.0
Gedik;31.0849;36.9155;25939.0
Gokcekent;32.8581;36.5366;1828.0
Yesilyurt;30.1112;36.3488;20976.0
Tekeli;33.1315;36.1369;1909.0
Calkaya;30.8592;36.9064;90199.0
Altinkum;34.0607;36.3478;33833.0
Agzidelik;34.9782;36.7998;3102.0
Begissusuzu;30.2389;36.9747;3129.0
Tehnel;32.7022;36.0934;2677.0
Imircik;29.7833;36.7333;3129.0
Mithatpasa;34.8718;36.9145;103101.0
Karadayi;31.1078;36.8731;21942.0
Burmanci;31.0667;36.95;13584.0
Mersin;34.6128;36.8004;537842.0
Agilli;29.682;36.2143;3027.0
Dosemealti;30.6025;37.0233;48578.0
Siteler;34.6406;36.8156;68349.0
Bozkandak;32.8429;37.1171;1788.0
Gumusyaka;29.9771;36.8555;3129.0
Buyukkumluca;30.9094;36.8769;30513.0
Baglica;32.35;36.4833;3129.0
Devedami;33.6833;36.2;2201.0
Buyukalan;30.3;36.7;3129.0
Dirgenler;29.7944;36.3581;3129.0
Tilkiler;31.4838;36.9252;3129.0
Ispatli;32.1746;36.4405;12202.0
Bahceyaka;29.9768;36.9635;3129.0
Aydincik;32.3066;36.3035;19614.0
Basharman;33.3491;37.0918;1788.0
Demirciler;31.0595;37.2264;3129.0
Mirahor;33.3944;36.6123;16509.0
Evrenseki;31.3558;36.8411;22958.0
Pinarbasi;33.0537;37.1018;1788.0
Yariktas;33.85;36.35;50447.0
Yenikoy;34.4979;36.9762;2533.0
Sirinyali;30.7358;36.8627;53286.0
Gokce;33.2899;37.065;1788.0
Coglu;33.3039;37.4288;2462.0
Burcaklar;31.8951;36.678;4009.0
Saburlar;31.756;36.7087;3391.0
Seydiler;31.5371;36.7684;26949.0
Ahirtas;30.7359;37.2175;2667.0
Kayadibi;30.7922;37.2068;2959.0
Urunlu;31.6133;37.0383;3129.0
Yaprakli;29.7956;36.8292;3129.0
Koprubasi;33.1723;36.7973;2512.0
Alanyali;34.5124;37.0905;2533.0
Canakci;34.1607;36.5451;22992.0
Guneybahsis;32.8492;36.1914;2702.0
Ihsaniye;30.8538;36.9814;76576.0
Tekkekoy;29.87;36.6172;3129.0
Lale;32.5832;36.2075;3074.0
Catalharman;33.5706;36.6378;2682.0
Kuslar;31.0821;36.9896;6288.0
Derekoy;32.0456;36.6508;3137.0
Gavuructugu;34.1667;36.9167;2548.0
Cukur;33.9333;36.4833;4849.0
Ahmediye;31.1587;36.8608;14798.0
Araplar;32.8167;36.1167;11748.0
Masat;32.7185;36.196;2682.0
Yaylapazari;32.9459;36.4927;2004.0
Gecimli;33.3284;36.7912;2681.0
Ballica;35.0216;36.901;34456.0
Arpacsakarlar;34.6308;36.8599;99987.0
Girman;34.448;36.7633;47588.0
Cankaya;34.6284;36.7974;52729.0
Hacimehmetli;31.9681;36.5675;16471.0
Aliefendi;32.1888;36.4415;11176.0
Camili;30.6704;37.1837;3028.0
Ortakoy;30.2838;36.4482;8093.0
Muratpasa;30.7059;36.8976;450000.0
Sugozu;32.7684;36.3118;2682.0
Cavdarli;34.7902;37.0388;2560.0
Yesilbag;31.2411;37.4067;3188.0
Hocali;33.6069;36.4833;2682.0
Akkilise;29.8825;36.3355;3129.0
Begis;30.1006;36.9044;3129.0
Yavrudogan;31.311;36.8791;12193.0
Kaleucagiz;29.8486;36.1972;275.0
Yenisehir;34.5667;36.8;84848.0
Yanikkisla;34.8892;37.1431;3204.0
Meselik;34.7833;37.0667;2533.0
Cavuspinari;33.1477;37.1298;9976.0
Bozagac;33.385;36.2849;2682.0
Adanalioglu;34.805;36.8375;80220.0
Gozubuyuk;31.863;36.6992;3137.0
Karadere;32.7856;36.0701;11726.0
Sirakoy;34.8497;37.0422;2533.0
Cukurelma;30.0082;36.8277;3129.0
Berem;32.5843;36.4714;2750.0
Esentepe;30.6825;36.9486;113677.0
Ahatli;29.7364;36.6164;3129.0
Araplar;30.6667;36.9833;94471.0
BahabeyYaylasi;33.6333;36.2833;2682.0
Esenler;35.0263;36.9597;87488.0
Duzagac;31.258;37.2356;3129.0
Tahilpazari;30.7046;36.8923;83588.0
Yuvatepe;33.1275;37.2872;1788.0
Yesilkoy;29.376;36.2842;2768.0
Yenidamlar;32.178;36.4236;10019.0
Gungoren;32.6324;36.2287;2918.0
Diliklitas;34.6667;36.8833;91322.0
Ugurlu;32.6716;36.6407;1788.0
CayirYaylasi;33.086;36.4027;2682.0
Turktas;31.9969;36.6625;3137.0
Halac;30.126;36.3406;26874.0
Barutkavuran;33.3674;37.1927;11338.0
Taskuyu;34.7842;36.9513;52819.0
Ovabasi;32.7731;36.1209;5430.0
AltinovaYenigol;30.7768;36.9055;113158.0
Muren;30.05;36.8;3129.0
Erentepe;30.3616;36.4164;9539.0
Tepealan;32.2404;36.3924;5403.0
Sirtkoy;31.4439;36.9941;3129.0
Gecitkoy;29.801;36.7327;3129.0
Akpinar;32.5667;36.5333;2178.0
Yenikisla;30.2194;36.5075;3129.0
Sariyar;34.4044;36.716;69689.0
Yesildere;33.5145;37.1567;1788.0
Demircili;33.9497;36.4279;47152.0
Bahcekoyagi;33.0875;36.2102;2682.0
Cavak;34.5443;36.8408;69013.0
Uzunkas;34.4494;36.8671;2610.0
Okurcalar;31.7067;36.6487;4312.0
Haciilyasli;33.3307;36.6767;2682.0
Adala;30.0;36.4167;3129.0
Baskoy;32.358;36.4576;3129.0
Gundere;33.1167;37.15;8298.0
Baskoy;32.6833;36.75;1788.0
Catak;32.967;37.0125;1788.0
Enisdibi;33.3562;36.2021;2665.0
Iskan;33.1319;36.5238;2426.0
Incekum;31.7344;36.6431;10865.0
Yesilbarak;29.6775;36.5864;3129.0
Cesme;33.2377;36.6764;2682.0
Bozon;34.4964;36.8026;46828.0
Sinan;30.7121;36.8859;75841.0
Hacikerimler;31.9547;36.6461;4651.0
Resulkoy;34.593;36.8804;74477.0
Avdan;35.0982;37.0359;57458.0
Hasyurt;30.2228;36.3242;23125.0
Evdilek;33.9729;36.8747;2610.0
Bodime;32.6555;36.1724;2705.0
Elmapinar;33.4259;36.8934;2573.0
Ilica;33.1885;36.6768;2682.0
Damlapinar;32.8639;37.0948;1788.0
PerendiYaylasi;33.4107;37.3517;1835.0
Hekimler;32.8351;36.3045;2682.0
Deniztepesi;31.1251;36.9808;8681.0
Santral;30.637;36.9334;115394.0
Caminur;34.8946;36.9137;99643.0
BuyukManay;29.9333;37.0667;3129.0
Merkez;34.1459;36.4752;31422.0
Usakpinari;33.6186;36.3178;2682.0
Uckonak;32.4853;36.2788;3129.0
Cenger;31.6234;36.6901;12562.0
Cavdir;30.1333;36.3833;17223.0
Yesilkoy;33.346;36.5152;2682.0
Dokuzyol;33.6213;37.3069;1788.0
Mollaomerli;33.4377;36.3208;2682.0
Demirciler;31.5095;36.7918;28309.0
Yesilyayla;30.2315;37.2527;2876.0
Bugdayli;33.7562;37.252;1788.0
Haciosmanlar;30.9473;37.1565;3129.0
Avsallar;31.7806;36.616;12829.0
Guneyyurt;32.807;36.6811;1788.0
BuyukKarapinar;32.6863;36.6855;1788.0
Cayyazi;31.4593;36.8059;34170.0
Ciplakli;30.6514;37.0469;24599.0
SeksenikiEvler;34.917;36.916;91487.0
Avsar;29.7499;36.5678;3129.0
Pinarli;30.8106;36.9392;115395.0
Akdam;33.117;36.1375;2008.0
YukariKelmen;31.0804;37.1077;3129.0
Besikci;30.345;36.3628;22260.0
Sutlegen;29.608;36.4436;3129.0
Eskisehir;34.9403;37.0382;48402.0
Tolkoy;34.3874;36.81;2673.0
Gurcam;32.4939;36.2115;3129.0
Akcami;32.9336;36.1515;8955.0
Avdan;30.1476;36.8751;3129.0
Hamankoy;33.3751;36.6418;14166.0
Langer;33.1539;36.2466;2682.0
Bogruegri;34.5996;37.0732;2533.0
Ferahimsalvuz;34.9318;36.928;99565.0
Cigdemli;33.1274;37.2315;8433.0
Gebizli;30.728;36.9003;97251.0
SogutozuYaylasi;33.5315;36.7894;2681.0
Belen;30.3874;36.3656;9524.0
Pamuklu;33.6455;36.6691;2682.0
Derekoy;29.6478;36.2674;3129.0
Ahirini;33.3657;36.2102;2682.0
Huseyinler;34.0571;36.5285;2682.0
Bahtili;30.5732;36.8868;86933.0
Ahmetler;31.6987;36.8271;3129.0
Halitagalar;31.6744;36.745;4005.0
Uluguney;31.7231;36.6775;10807.0
Derincay;33.3254;36.7235;2682.0
Guzle;30.3151;36.9006;3129.0
Akcaalan;30.203;36.4796;3129.0
Yassibag;33.347;36.3019;2682.0
Haciahmetli;33.5938;36.6647;2682.0
Baslar;31.4704;37.1361;3129.0
Yazir;29.9719;36.4756;3129.0
Dutlubahce;30.7018;36.9084;98628.0
Koyak;32.5909;36.1184;2488.0
Yukariirnabol;32.9333;36.4667;2193.0
CamalaniYaylasi;33.0;36.2833;2682.0
Ovacik;33.5558;36.1713;2107.0
Zumrutova;30.7441;36.8662;56411.0
Yaylaalan;31.4911;36.9433;3129.0
Tekke;34.9009;36.9169;100980.0
Kurucabel;33.05;36.9284;1788.0
Golcuk;30.351;36.6234;3129.0
Ucari;32.6229;36.091;1815.0
Ozluce;32.8438;36.5447;1818.0
Lale;33.301;36.9921;1862.0
Dursun;33.1045;36.1963;2682.0
Dogusandal;34.3934;36.7631;19197.0
Imecik;30.2236;36.8458;3129.0
Hal;34.6573;36.8264;80565.0
Topluca;33.4732;36.7121;9436.0
Akyar;30.1806;37.1608;3157.0
Alacami;32.2999;36.5921;3129.0
Zebekler;34.3417;36.876;2598.0
Haciali;31.5483;36.7724;25115.0
Akcapinar;30.9072;37.15;3129.0
Alacesme;31.7366;36.9685;3129.0
Narlikuyu;34.1129;36.4427;35295.0
Guneykaya;31.6936;36.9067;3129.0
Etiler;30.7135;36.901;92975.0
Agzikara;32.9508;36.1135;11758.0
Dilbeyan;33.15;37.2;24560.0
Hisarcandir;30.4456;36.7551;3129.0
Kilbasan;33.1863;37.3249;1788.0
Guney;32.6588;36.1916;2708.0
Gumuslu;30.1769;37.1819;3129.0
Sokun;34.0099;36.3358;42755.0
Cilbayir;33.6891;36.3721;2682.0
Gucus;34.2056;36.642;4846.0
Siteler;30.6348;36.8942;96402.0
Yavca;34.3758;37.0194;2533.0
YukariKarahanlar;31.2438;37.2208;3129.0
Bademli;33.1382;36.9337;1788.0
Cemilli;34.4506;36.8033;15756.0
SarikuyuYaylasi;32.621;36.5;2130.0
Dumlugoze;32.5571;36.5528;2080.0
Muratli;34.9892;37.0259;69581.0
Gunyaka;31.7484;37.1676;3129.0
Derebasi;33.0451;36.1404;7289.0
Merkez;34.5789;36.801;82545.0
Korucak;34.7154;37.1528;2533.0
Hocalar;32.2386;36.3963;5403.0
Dere;32.6602;36.2313;2776.0
Akbas;31.1453;37.059;3129.0
Mesudiye;33.0707;37.2538;1788.0
Meltem;30.6691;36.8866;75053.0
Demirhisar;34.6937;36.8833;89916.0
Ulas;34.7822;36.9971;17574.0
Agizbogaz;33.8393;37.4085;2682.0
Esenyurt;30.3434;37.0567;3129.0
Eminlik;34.9215;37.2487;4663.0
Bilelyeri;30.3275;36.9078;3129.0
Akcati;32.1395;36.5707;6474.0
Gokceharman;33.7355;36.2315;2218.0
Verimli;35.1139;36.8972;7511.0
Turuncova;30.1375;36.3689;8356.0
Komurler;32.9352;36.1677;5597.0
Kumoba;33.2667;37.4167;2368.0
Berendi;31.0234;36.994;3157.0
Balli;33.5969;36.8816;2598.0
Gocer;32.9106;37.0506;1788.0
Ugrar;29.7014;36.2906;3129.0
Cicekli;35.0864;36.8751;5007.0
Derekoy;30.2167;36.5;3129.0
Cankaya;30.6761;36.9399;113439.0
Yakakoy;30.3581;37.2403;3035.0
Osmaniye;34.6149;36.8128;76410.0
Yuksekoluk;34.409;36.9958;2533.0
Mihrican;34.3922;36.96;2533.0
Bucakkisla;31.7394;37.0459;9427.0
Saray;31.9876;36.5494;14976.0
Gazi;34.6054;36.7845;54635.0
Bogaz;33.6952;36.7298;2682.0
Cevreli;34.827;37.0439;2533.0
Cilek;34.6727;36.8339;84605.0
Yakacik;32.561;36.1093;370.0
Kelcekoy;33.4692;36.6595;26920.0
Pamucak;33.4446;36.2285;2682.0
Yazili;33.1043;37.1561;3506.0
Abdurrahmanlar;30.9386;36.99;20848.0
Kirobasi;33.8671;36.7224;2682.0
Sarilar;31.4321;36.8116;31547.0
Guneyyaka;31.9282;36.8563;3129.0
Kirahmehtler;32.4117;36.1846;3807.0
Hacinuhlu;33.4815;36.689;17280.0
Yesilyurt;33.4549;36.6896;20648.0
Yeniyuruk;33.3631;36.2444;2682.0
Cukurhayit;29.6972;36.3092;3129.0
Basirli;32.0677;36.5639;20432.0
Tomekli;34.343;36.747;11008.0
Sariveliler;33.4669;36.5301;2682.0
Gocuk;32.4732;36.1794;2963.0
Hamidiye;33.2417;37.3222;1788.0
Ataturk;30.6931;36.9231;104038.0
ElbalakYaylasi;32.6114;36.4188;3025.0
Inalkoy;32.5397;36.1342;2811.0
Sugozu;31.9901;36.5601;16906.0
Bogecik;33.8436;37.4543;2682.0
Emirasiklar;31.7387;37.0361;9427.0
Dudenbasi;30.7302;36.9147;104404.0
Yaylakonak;32.2511;36.5124;3129.0
Narlidere;33.25;36.8236;2669.0
YeniOmerli;34.8874;36.9188;103087.0
Alibeyli;34.845;37.1144;2533.0
Mahmutseydi;32.0288;36.6297;7338.0
Akdamlar;30.5187;36.8729;402.0
Karalgazi;33.052;37.2925;1788.0
Yaylakuzdere;30.4208;36.5736;300.0
Tepebasi;32.7221;36.6663;1788.0
BuyukKoras;33.7037;37.1219;1788.0
Camlipinar;32.6603;36.1859;2708.0
Sinan;33.902;36.5562;2682.0
Umutlu;32.0082;36.7788;3129.0
Seyidili;33.9905;36.6384;2682.0
Cavuskoy;30.4314;36.3319;3302.0
Naragaci;32.0933;36.8015;3129.0
Akdeniz;34.6442;36.8228;74644.0
Simithacili;35.1087;36.8748;5556.0
Asagiirnabol;32.95;36.4667;2218.0
Yassidam;33.7833;36.2333;1627.0
Yakakoy;34.7542;36.8626;98624.0
Goynuk;30.5542;36.6721;6037.0
Degirmenlik;31.7789;37.2764;3048.0
Yeni;34.8761;36.9298;102482.0
Tersakan;33.0099;36.3586;2682.0
Caglarca;34.4458;37.0059;2533.0
Cukurbag;29.6467;36.2326;2904.0
Camlica;33.0232;36.6158;1788.0
Ortakoy;34.75;37.1;2533.0
Guneyli;34.0123;36.7843;2681.0
Sevinckoy;31.5293;36.94;3129.0
Emek;30.7123;36.9166;100025.0
Suduragi;33.3667;37.2876;1860.0
Tekiralani;33.9667;36.6333;2682.0
Sarilar;29.7651;36.2667;3129.0
Camlidere;34.5579;36.897;33211.0
Ortakoy;33.4192;36.6782;21817.0
Obakoy;32.0633;36.5528;21302.0
Gelemis;29.32;36.2755;2222.0
SulerekCiftligi;33.3833;37.2;9608.0
Bademagaci;30.4744;37.2119;2792.0
Demircikara;30.7187;36.8788;68589.0
Medreselik;33.2819;36.9417;2086.0
Agilonu;33.3821;37.2398;9660.0
Gundogdu;34.6375;36.8206;76870.0
Elbeyli;34.0167;36.6967;2682.0
Mandalar;32.5932;36.1245;2508.0
YedikuyularYaylasi;29.5667;36.3833;3129.0
Cardakkoy;31.29;36.9703;3129.0
Saricasu;30.2899;36.4072;20424.0
Osmaniye;33.2998;37.3827;1978.0
Karacaoren;33.2311;37.4734;2681.0
Nusrullahkoy;33.6978;36.4831;2682.0
Mezarduzu;33.2632;36.6646;2682.0
Degirmendere;33.7829;36.4334;2682.0
Deniz;30.694;36.8869;73774.0
HuseyinOkanMerzeci;34.5874;36.8289;97695.0
Limonlu;34.2384;36.57;49121.0
Calti;30.2845;36.5468;3129.0
SuleymanHaci;33.0664;37.469;2670.0
YazbeleniYaylasi;33.65;36.3667;2682.0
Akova;33.1919;36.3902;2682.0
Tefekalti;33.436;36.4316;2682.0
Cakmak;32.4041;36.3239;6178.0
Hacialani;34.1898;36.8419;2643.0
Husamettinkoy;31.8185;37.0155;17728.0
Gocmen;34.3823;36.6962;69591.0
Topakli;33.2963;36.6071;2682.0
Yalamik;34.7708;37.1344;2533.0
Cayirozu;32.0596;36.8068;3129.0
Mantas;34.9208;36.8868;71816.0
Selamli;33.3862;36.6239;15623.0
Aglica;34.1475;36.5741;3413.0
Deniz;34.5574;36.8095;83467.0
Cukurbag;33.0107;37.0095;1788.0
Orensehir;31.661;36.6978;11225.0
Boyalitepe;33.2837;37.491;2682.0
Kasoba;33.0159;37.4243;2255.0
Cadirli;33.8004;36.3519;8879.0
Demirozu;33.2433;36.379;2682.0
Bayindir;29.9558;36.7835;10886.0
Yesilbahce;30.7251;36.8717;60323.0
Belkis;31.1465;36.925;20832.0
Macarkoy;32.3487;36.231;19082.0
Gazi;33.1024;36.352;2682.0
Cavuslu;34.6;36.8333;93710.0
Gocerler;30.6616;36.9482;112462.0
Pinarli;34.8288;37.0492;2533.0
Daripinari;34.7234;37.1444;2533.0
Gundogdu;30.7107;36.9276;110565.0
Araplar;32.6451;36.1776;2748.0
Kargicak;34.323;36.6235;57524.0
Barbaros;34.8826;36.904;100924.0
Gokdere;30.5908;36.8331;54011.0
Beydili;33.4723;36.2309;2682.0
Ulukaya;33.0816;36.5087;2172.0
Hurma;34.0017;36.3069;14465.0
Sugozu;32.448;36.4252;3129.0
Gokpinar;29.9548;36.75;17056.0
Uzunkale;31.5978;36.7711;12748.0
Hasanlar;30.7667;37.15;3129.0
Ulupinar;30.4323;36.4534;3129.0
Evkafciftligi;33.6336;36.4595;2682.0
Akine;32.8773;36.1952;2682.0
Haciyusuflar;29.9042;36.8544;3129.0
Kizilkuyu;32.8339;37.2997;2019.0
Akkuyu;30.6418;36.88;75449.0
Yuvalilar;30.1628;36.3441;29489.0
AsagiGozne;34.5667;36.9833;2533.0
Erenkoy;30.6678;36.9279;110541.0
Sogutcuk;30.3836;37.0335;3129.0
Akdere;33.7504;36.2408;1720.0
DikeciYaylasi;32.6357;36.3378;2938.0
Buyukkoy;30.3061;37.1572;3129.0
MiskaleYaylasi;33.15;36.4333;2682.0
DugunalaniYaylasi;32.6551;36.3781;2853.0
Mahmutlar;32.1071;36.4804;24227.0
Incegiz;32.3337;36.3322;13594.0
Hacibozan;35.0087;36.9346;70628.0
Tekirova;30.5218;36.4852;20000.0
Salur;31.4125;36.9286;3129.0
Aksaz;31.5331;36.7806;27989.0
Avlagi;33.1667;36.9;1891.0
Yesiloba;29.8484;37.054;2640.0
Aslanbucak;30.5513;36.5991;20606.0
Yenimahalle;30.7989;37.1372;3129.0
Bolukyazi;33.1069;37.216;4448.0
Esenbaglar;34.5462;36.7695;68979.0
Duzlercami;30.5616;36.976;37122.0
Akarsu;34.9683;36.8521;15240.0
Dudenkoy;29.9119;36.6777;8013.0
Liman;30.6183;36.8524;68478.0
Yilmazli;29.7947;36.7944;3129.0
Islamlar;29.7553;36.6394;3129.0
Belen;34.7061;37.0411;2533.0
Libas;33.2833;36.3167;2682.0
Akcainis;29.8399;36.6214;3129.0
Ciglik;30.552;37.0381;14518.0
Cumhuriyet;34.6085;36.7899;50572.0
Ucgen;30.696;36.8941;82846.0
Karaisa;31.9073;36.8028;3129.0
Burhan;33.0735;37.0788;1788.0
Cingiler;31.2403;37.3081;3129.0
Fidik;33.4;36.2;2682.0
Cayboyu;34.9458;36.7985;2869.0
Guzoren;30.3118;36.4628;4877.0
Salur;29.7942;36.7676;3129.0
Denizyaka;31.1856;36.8561;9179.0
Cagbasi;35.0645;36.8622;4125.0
Demirisik;34.423;36.9543;2533.0
Alanya;31.9998;36.5437;285407.0
Daga;33.4333;37.0167;1980.0
Akdeniz;34.1411;36.4598;32226.0
Yeni;30.7109;36.9223;106091.0
Sihlar;32.8116;37.11;1788.0
Yesilbayir;30.6007;36.9924;68979.0
Ovacik;30.4311;36.6486;3129.0
Bukluce;31.1708;36.8703;15875.0
Civanyaylagi;34.6576;36.8731;98653.0
Yenice;33.3984;36.3168;2682.0
Degircik;33.4108;37.2;2225.0
Aladag;34.4976;36.9419;2537.0
Dogancam;31.5267;36.7637;27627.0
Pasabagi;33.4;37.0833;1788.0
Adanda;32.45;36.2167;3129.0
Pinargozu;31.0164;37.3014;3139.0
Gogu;31.3392;36.9372;3129.0
Arslankoy;34.2874;37.0188;2533.0
Tasucu;33.8817;36.3214;57071.0
Ihsaniye;34.763;36.9213;66946.0
Sariabali;31.178;36.9703;8666.0
Oluoluk;33.2922;36.2609;2682.0
Tophane;31.9972;36.535;13892.0
Kisecik;33.0121;37.3886;1933.0
Yalindal;32.9558;36.5147;1893.0
Carsi;31.9937;36.5403;13892.0
Delikkaya;33.4837;36.2863;2682.0
Fariske;32.6333;36.6167;1797.0
Yenisu;33.6939;36.5262;2682.0
Kavakkoy;30.2551;36.3421;29549.0
Ozdemir;30.0581;36.8751;3129.0
Ucbas;33.4576;37.1215;1788.0
Mencek;32.65;36.6667;1807.0
Akseki;31.79;37.0486;11616.0
Buyukpinar;32.2192;36.3936;6789.0
Orak;32.5936;36.1321;2683.0
Madensehri;33.174;37.4423;2548.0
Demiroren;32.669;36.0772;2171.0
Gecmen;29.9864;36.6752;5280.0
Cimikoy;31.8508;37.0306;10090.0
Akgedik;33.2573;36.691;2682.0
Halkkent;34.6295;36.8463;99200.0
Dere;32.6677;36.1417;2682.0
Boztepe;30.9072;36.9128;59883.0
Gumusdamla;31.6844;37.1869;3129.0
Doganca;32.531;36.2527;3129.0
Toptas;30.3239;36.4141;16165.0
Gulnar;33.3992;36.3415;12385.0
Bahceli;34.7239;36.8842;81833.0
Derekoy;33.0739;36.3367;2682.0
Alacati;33.3258;37.2605;18075.0
Ortakonus;32.0439;36.7535;3129.0
Beskonaklar;30.7519;36.9285;115408.0
Narlidere;33.0183;36.9917;1788.0
Afetevler;34.5552;36.7958;80486.0
Bozdogan;33.2233;36.6946;2682.0
Yenice;35.052;36.9774;94927.0
Muratdede;32.824;37.1597;1788.0
Balkusan;32.8863;36.7791;1788.0
Camliova;29.5133;36.3846;3129.0
Yukaribeymelek;30.0322;36.2875;25430.0
Yenicay;34.9454;36.8489;19945.0
Yenicekoyciftligi;33.1833;37.2167;31209.0
Ermen;32.7306;36.1223;2682.0
Bucakseyhler;31.4672;36.8464;15859.0
Senir;31.9522;36.7943;3129.0
Yesiltepe;34.8944;36.8442;42869.0
Ozbek;34.9436;36.9684;101755.0
Beldibi;32.3143;36.4488;3129.0
Elikesik;31.9317;36.5895;15499.0
Orhankoy;31.8531;36.6958;3153.0
Gulkaya;33.3929;37.0519;1789.0
Camizlar;29.3997;36.4711;2986.0
OgretmenEvi;30.6382;36.8759;80440.0
Karadedeli;34.0488;36.3944;70065.0
Yollarbasi;33.0283;37.1949;1788.0
Eskiyuruk;33.3993;36.2463;2682.0
Biyikli;30.5899;37.1181;3129.0
Beyler;29.8619;36.656;3129.0
YarbaySemsettin;34.9284;36.9354;102979.0
Gencali;33.4229;36.7027;12167.0
Fakili;34.1957;36.7383;2682.0
Gaziler;34.8684;36.9278;101835.0
Arapsardi;29.7416;36.4417;3129.0
Kavurgacilar;30.75;37.1667;3127.0
Celtikci;32.8483;36.0911;17329.0
Cennetler;32.9082;36.115;13201.0
Uzumlu;32.7015;36.717;1788.0
Fakircali;32.2711;36.4768;3129.0
Zeynebeli;33.4833;36.9416;2539.0
Cinkoy;34.7571;36.9856;11422.0
Turunclu;34.4672;36.8295;10955.0
YogunlarCiftligi;33.1;37.2;5305.0
Camilimanda;34.9933;37.0013;93890.0
Masat;32.8596;36.2925;2682.0
Yenibahce;33.9985;36.4739;6256.0
Sakarca;33.1892;36.2648;2682.0
Gumuskavak;32.2367;36.5506;3129.0
Cambazli;34.033;36.5779;2682.0
Beymelek;30.0159;36.2478;36562.0
Erenkavak;33.1548;37.0467;1788.0
Candir;34.6192;37.0128;2533.0
Catalkeli;34.9078;36.8516;46209.0
Viransehir;34.5401;36.7489;52544.0
AkpinarYaylasi;33.3;36.3167;2682.0
Yesiloz;32.2085;36.3847;6424.0
Incirlikuyu;34.8659;36.9532;81806.0
Boztepe;31.6742;36.6717;11113.0
AltinovaOrta;30.7847;36.9295;115410.0
Hatipler;30.7833;37.1667;3129.0
Giden;34.7059;37.1223;2533.0
Esenpinar;32.5292;36.2809;3129.0
AsagiSenitler;33.5333;36.2833;2682.0
Pelitkoyagi;34.4237;36.7745;25255.0
Atayurt;34.0223;36.3836;75287.0
Akoru;29.6575;36.3588;3129.0
Beydili;33.317;37.3516;1812.0
Sele;33.3767;36.2216;2682.0
Ziftlik;33.45;36.3333;2682.0
Kirit;34.8956;37.0809;2909.0
Uckuyu;33.1385;37.4373;2463.0
Deeger;33.1267;36.3301;2682.0
Gulec;32.7939;36.1044;10732.0
Beskonak;31.1992;37.1444;3129.0
Ekinozu;33.3598;37.3206;1788.0
Elmali;29.9178;36.7358;16587.0
Catallar;30.8581;37.1432;3129.0
Imrahor;30.2167;37.0534;18621.0
Elbeyli;33.439;36.6138;25509.0
Anitli;32.5764;36.1225;2471.0
Topcular;30.7502;36.8969;98827.0
Turunclu;34.6105;36.8055;67742.0
Akoluk;32.5782;36.2874;3129.0
Egrice;32.5978;36.4115;3117.0
Ilicakoy;32.3612;36.4059;3129.0
Yorenler;29.8194;36.816;3129.0
Tozkaparan;34.6179;36.8187;81482.0
Yazlik;34.8843;37.0976;2768.0
Gozlukule;34.894;36.9107;99643.0
Arpalik;33.3659;36.2255;2682.0
Mursal;29.815;36.6839;3129.0
Kestel;32.0828;36.5086;16447.0
Yesilyurt;31.0609;36.9837;5561.0
Emirler;34.95;37.2167;5240.0
Otkinler;32.6004;36.2013;2978.0
Guney;34.2339;36.6224;41341.0
Gozukucuklu;32.1732;36.5041;8566.0
Bolatli;34.8992;36.9482;96499.0
KuskanYaylasi;33.2253;36.5048;2584.0
Mamatlar;29.9166;37.0052;3129.0
Yerebakan;33.1863;36.8412;2307.0
YukariAkin;33.0113;36.8925;1788.0
Topcu;35.0329;37.0439;52670.0
Gozne;34.5731;36.9953;2533.0
Hacisekiler;30.5195;36.842;30176.0
Adiller;32.6204;36.6873;2003.0
Sogut;29.9155;37.0758;3129.0
Bozdogan;30.9342;37.2747;3129.0
DedekavakYaylasi;33.0887;36.7257;2682.0
FevziCakmak;30.7039;36.9459;115080.0
AkpinarYaylasi;32.8902;36.428;2460.0
Akcay;29.7463;36.6022;3129.0
Kavuklar;33.6078;37.5189;2682.0
Bayindir;33.8252;36.4602;2682.0
Dagpazari;33.4695;36.8309;2663.0
Side;31.3885;36.7667;10505.0
Yesilkoy;30.3938;36.3249;8599.0
Ciglik;32.5231;36.3134;406.0
Salur;33.3296;37.3124;1806.0
Turkmenkoyu;33.55;36.4833;2682.0
Cakallar;31.7352;36.6919;7674.0
Misirli;31.5783;36.707;15893.0
Haciisali;31.581;36.7629;19927.0
Dagbag;29.9264;36.4286;3129.0
Tekeduzu;33.0274;36.1372;8842.0
Faysal;33.2245;36.5689;2336.0
Belen;30.25;37.25;2957.0
Melikli;33.8026;37.1922;1788.0
Ortakoy;32.6107;36.6793;2048.0
Dadali;34.9072;36.9703;85059.0
Guneykoy;32.4468;36.1638;2226.0
KaramanogluMahallesi;33.9485;37.2576;2327.0
Sorgun;34.1364;36.8698;2610.0
Sariveli;34.7271;36.9491;24502.0
Somek;34.0807;36.5915;2682.0
Yankoy;31.0017;37.0058;3136.0
Hisarkoy;33.563;36.5337;2682.0
Camlica;33.2378;36.6247;2619.0
Konaklar;35.0041;36.949;81965.0
Yalinayak;34.6375;36.8484;97691.0
Pinarbasi;34.05;36.85;2634.0
Atbuku;30.4828;36.4492;4042.0
Gucler;33.5467;37.0657;1801.0
Tasoluk;33.1306;36.3509;2682.0
Sanlica;34.8569;37.2272;2763.0
Tonguclu;30.9693;37.0665;3129.0
Aksemsettin;34.883;36.9388;97910.0
Ova;29.3232;36.3089;2926.0
Yenikoy;31.3861;36.845;22760.0
Ataturk;34.5448;36.7631;62604.0
Baskoy;30.664;37.0576;15504.0
Tekkekoy;34.7557;36.8768;93298.0
Anay;33.4169;36.3675;2682.0
Recepli;32.1151;36.518;16495.0
Avurga;33.1;36.55;2075.0
MollaYusuf;30.6215;36.895;104686.0
Tekkekoy;30.9687;37.0146;3159.0
Damlama;34.8614;37.1356;2638.0
Demirtas;34.6069;36.8029;71195.0
Goksu;30.7532;36.9124;112771.0
Serinyaka;31.821;36.8018;3129.0
Tepekoy;34.2925;36.918;2548.0
Agaccati;32.9713;36.5856;1792.0
Hacibahattin;33.3531;36.1728;2198.0
Eseri;33.2333;36.75;2682.0
Ceyiz;33.3854;36.3755;2682.0
Yesilovacik;33.6623;36.1882;1816.0
Cobanlar;32.3608;36.2444;21441.0
Gezende;33.1575;36.5119;2542.0
Direklin;33.3528;36.2684;2682.0
Altindag;30.6926;36.8903;73774.0
Yapinti;33.3991;36.6878;13333.0
Sahinpinari;34.6334;37.0104;2533.0
Tarlaoren;33.2455;37.0545;1788.0
Ardicli;34.7449;37.2343;2533.0
Kozagaci;33.0119;36.3107;2682.0
Gumusgoze;31.9422;36.6824;3129.0
Sulekler;30.0833;37.1333;3129.0
Seki;32.1544;36.4396;12424.0
Hurmakoy;30.602;36.8615;89071.0
Tugrul;33.5565;36.5358;2682.0
Sedir;30.6906;36.9029;90708.0
Derince;33.5667;36.25;2682.0
Biyikliogullari;32.35;36.4667;3129.0
Uluyat;32.6273;36.1391;2751.0
Bostanozu;33.0073;36.945;1788.0
Hayatbuku;33.1165;36.1335;2116.0
Bozova;30.2858;37.2161;3129.0
Akpinar;34.0488;36.833;2662.0
Beycik;30.4362;36.4936;3327.0
Tekmen;33.0926;36.1126;2483.0
Degirmendere;34.5406;37.0598;2533.0
Fettahli;30.8094;36.9867;77321.0
Burunkoy;33.3773;36.7338;2682.0
AsagiKulak;34.9077;36.7775;2130.0
Fatih;34.9008;36.9229;100980.0
Bahcelievler;34.5943;36.7902;58943.0
Gokceseki;33.0264;36.6186;1796.0
Camlikoy;29.49;36.4418;3106.0
Pirhasanlar;29.8628;36.6796;3657.0
Gurlevik;32.9957;36.1411;11048.0
KizilalanMahallesi;33.0479;36.5782;1793.0
Comakli;30.2433;37.2889;2538.0
Dogantas;29.8366;36.446;3129.0
Hamzabeyli;34.5522;36.8588;58909.0
Orencik;30.4;36.7;3129.0
Cevreli;29.8378;36.2177;2896.0
Guzelyali;31.5416;36.8837;3129.0
Cerit;33.1859;36.9595;1790.0
Emirhaci;33.4473;36.2741;2682.0
Baspinar;30.0939;37.1761;3129.0
Yeniyurt;34.1163;36.633;2682.0
Alikorusu;31.8667;37.1167;3129.0
Bolyaran;33.1357;36.3909;2682.0
Cevizli;31.7633;37.1969;3129.0
Akarca;34.4144;36.8695;2610.0
Ceceler;31.8313;37.1958;3129.0
Altinkum;30.6388;36.8687;72274.0
Bicakci;32.1709;36.563;3129.0
Eskice;32.9967;36.6146;1788.0
Tavullar;29.8341;36.6698;3129.0
Tepekoy;34.7269;36.9915;3239.0
Camlialan;32.2892;36.7275;3129.0
Tascili;34.6855;36.9897;2533.0
Guneyli;32.7869;36.4518;2141.0
Yayla;34.1667;37.3;2682.0
GozleYaylasi;33.041;36.8453;1988.0
Parmakkurdu;34.6654;36.9725;5397.0
Toroslar;34.6132;36.8297;91241.0
Emirler;34.5167;36.8333;51496.0
AsagiKevzer;30.2;37.1833;3129.0
Sirac;34.3277;36.7566;3464.0
Sakiz;33.2923;36.6415;2682.0
Ayasturkmenli;33.8862;36.7585;2682.0
Belcinar;34.6623;37.1633;2533.0
Pinarbasi;30.6568;36.8877;80269.0
Haskiziloren;30.976;37.2941;3134.0
Ozdemir;33.1012;36.9595;1788.0
Taskesigi;30.075;37.2225;2784.0
Hamamkoy;33.3664;36.6348;9308.0
Tepecaylak;35.0586;37.0586;31821.0
Gombe;29.6686;36.5531;3129.0
Akyar;32.2111;36.7539;3129.0
Bogazpinar;34.7101;37.186;2533.0
Evrenleryavsi;31.4139;36.8727;10539.0
Balbey;30.7088;36.8905;75841.0
Karaman;33.215;37.1811;120399.0
Tasdustu;33.0776;36.4718;2415.0
Deremasara;33.4877;36.6988;13039.0
Hasgebe;30.9511;37.2272;3129.0
Emisbeleni;31.8735;36.6173;17035.0
Degirmencayi;34.4613;36.8795;2598.0
Tirtar;34.3453;37.0543;2533.0
Olucak;33.1359;36.5351;2304.0
Hacihalilarpac;34.3784;36.725;49660.0
Bayraklar;29.8876;36.6422;3129.0
Yesilyurt;32.4281;36.3308;3561.0
Kamberhuyugu;35.0251;36.9682;94175.0
Hasdere;32.3711;36.2627;22119.0
Egricam;34.5662;36.7778;69356.0
SehitIshak;34.8815;36.9249;103115.0
Tomuk;34.3659;36.6749;69721.0
Aklar;29.3821;36.3975;3122.0
Gozsuzce;33.1995;36.1544;2042.0
Isikli;32.2325;36.3286;2248.0
Gokceyazi;29.8006;36.2919;3129.0
Sarikoyak;34.7242;37.0923;2533.0
Akkent;34.5558;36.7767;72571.0
Catalbadem;32.9132;36.4882;2034.0
Bolacalikoyuncu;33.9047;36.3395;83954.0
Sakizcukuru;34.8739;37.0369;8207.0
Pamucak;32.8376;36.3303;2682.0
Ortabag;29.7799;36.4363;3129.0
Beyrebucak;32.3896;36.2162;10218.0
Hacihamzali;34.82;37.0748;2533.0
Ikizce;29.4703;36.3186;3129.0
Baglar;34.8599;36.9197;103141.0
SahinlerMahallesi;32.8391;36.5969;1789.0
Guzelkoy;33.3734;36.5255;2682.0
Akdam;33.705;36.2197;2423.0
Kadriye;31.0097;36.886;22249.0
Kesafli;32.1871;36.396;7913.0
Sigircik;33.5833;36.1833;2070.0
Bozdogan;32.8957;36.1034;13672.0
Insu;34.4989;36.8675;8823.0
Derekoy;33.6599;36.639;2682.0
Tumtun;29.2764;36.3308;2425.0
Pamuklu;32.7927;36.6243;1788.0
Macun;29.8683;36.84;3129.0
Gormeli;32.9772;36.5451;1819.0
YukariMenemen;33.25;36.15;2088.0
Derekoy;30.1097;37.0972;3860.0
Isikli;33.3643;36.3854;2682.0
Yurtpinar;30.8557;36.9947;56987.0
Batisandal;34.1843;36.5639;33479.0
KatirardicYaylasi;33.218;36.9181;2064.0
Zerdarlilik;30.7118;36.8821;66518.0
Cukurbag;29.6323;36.5624;3129.0
Asagicaglar;32.7958;36.7212;1788.0
KucukKoras;33.8185;37.1136;1789.0
Yeni;34.5941;36.7855;58943.0
Nacarli;34.812;36.9022;101193.0
Ardicpinari;33.2591;36.3197;2682.0
Tabureli;34.0685;36.654;2682.0
Akcalan;32.8817;36.9442;1788.0
Kalaba;32.8785;36.9199;1788.0
Fatih;34.5468;36.7583;55042.0
Bereket;31.2114;36.885;9670.0
YukariKocayatak;30.9617;36.9517;22523.0
Yagca;30.5582;37.0627;6263.0
Pirireis;34.6111;36.7864;50572.0
Ormana;31.5806;37.075;3129.0
Mezgit;34.0419;36.4799;9001.0
Esentepe;31.7354;36.6615;10796.0
Cirali;30.4802;36.4172;500.0
Hamurlu;34.7833;36.85;96312.0
Limonluk;34.5875;36.7996;70931.0
Hizirkahya;30.25;36.35;29934.0
Sanayi;30.6991;36.9031;90792.0
Altinova;30.7667;36.9167;115420.0
Cumhuriyet;32.0295;36.54;18353.0
Derekoy;30.3248;36.7697;3129.0
Gokceyaka;30.0931;36.4303;3378.0
Huseyin;30.0219;36.5908;3129.0
Cariklar;32.8776;36.1129;14343.0
Yenbey;30.4222;36.4153;3129.0
Erenkaya;31.7507;36.9316;3129.0
Sadiklar;31.8009;36.9417;3129.0
Baskisla;32.963;37.1122;1788.0
Seyhler;32.2398;36.5011;3129.0
Imamusagi;33.7629;36.3069;2682.0
Palamut;29.3544;36.4065;3063.0
KaramanlizuhtuCiftligi;33.5833;37.3333;1788.0
Menderes;34.5259;36.7407;50260.0
Kiraman;33.871;37.2582;1958.0
Yukarikoselerli;33.4146;36.549;2682.0
Yenikoy;34.9333;37.2667;5156.0
Calis;32.6042;36.1197;2536.0
CicekliCiftligi;32.9121;37.3094;1802.0
Toluobasi;33.1038;36.1063;1629.0
Belkonak;29.7911;36.3044;3129.0
Pinarbasiyaylasi;33.5667;36.3;2682.0
Cesmekoy;29.7372;36.3888;3129.0
Barbaros;30.7083;36.8865;75841.0
Seymenli;34.4333;36.7167;67842.0
Sarihalliler;31.7182;37.0247;4502.0
Kizik;33.2889;37.2764;9402.0
Kukur;32.6971;36.2124;2682.0
Bahce;34.8913;36.9017;98846.0
Zumrut;30.6126;36.8738;90067.0
Olukbasi;34.0372;36.389;73137.0
Sahilkent;30.2093;36.3433;26872.0
Minareli;31.6758;37.0194;3129.0
Ortaoba;33.0326;37.4458;2488.0
Morcali;33.1066;37.0751;1788.0
Saridana;32.7311;36.1593;2682.0
Derekoy;30.3031;36.6006;3129.0
Camili;33.7;36.7;2682.0
Dogancay;34.4295;36.8539;2635.0
Eskibey;33.2132;36.2062;2682.0
Susananoglu;34.0833;36.4167;50764.0
Ayas;34.176;36.4848;30677.0
Yenikoy;34.8422;37.1871;2537.0
Tarim;30.7488;36.8893;86594.0
Bayirkoy;31.9336;36.7581;3129.0
Guzelbag;30.7917;36.8654;70094.0
Basnalar;34.5;36.85;21728.0
Uzundamlar;30.3;36.6;3129.0
Kalekoy;33.6;37.45;2682.0
Haydarkoy;33.5872;36.4833;2682.0
Sinanhoca;31.6125;36.9736;3129.0
Caglayangedik;33.5778;36.4931;2682.0
Bozyazi;32.9723;36.1049;28456.0
Haciobasi;31.5808;36.7337;19408.0
Ciftepinar;34.3455;36.7134;37471.0
Eksili;30.6792;37.1617;3129.0
Gercebahsis;32.8794;36.1486;9183.0
Gokcebelen;32.5031;36.1531;2918.0
Bereket;33.2447;36.3523;2682.0
Ulus;30.6853;36.9105;97755.0
Yenikoy;31.9467;36.634;7551.0
TuztasiMahallesi;33.01;36.533;1839.0
Ermenek;32.8918;36.6404;16986.0
HasimIscan;30.7058;36.8783;64814.0
Sarlak;33.5372;36.4487;2682.0
Geyikbayiri;30.4583;36.8756;975.0
Ardickaya;32.7518;36.5513;1809.0
Yesil;34.9065;36.9053;93445.0
Camyuva;30.5561;36.5674;19976.0
Mevlutler;29.75;36.3667;3129.0
Kelahmet;34.9812;36.8176;2701.0
Gazipasa;32.3179;36.2694;18371.0
Sinneli;29.6369;36.3174;3129.0
Aksahap;31.6983;37.0689;3129.0
Ozturkmenli;34.0093;36.4683;5658.0
Alsancak;34.6114;36.7981;59411.0
Uzunoz;32.2043;36.5382;3129.0
Cicekoluk;31.8553;36.8167;3129.0
Sarihacilar;31.7725;37.0208;18457.0
Kizilyaka;32.8956;37.1417;1788.0
Buyukbelkis;31.1668;36.9446;1000.0
Beloren;29.975;36.3069;19034.0
Eskibag;32.1398;36.7399;3129.0
Bahce;34.6235;36.7976;55902.0
AltinovaDuden;30.7556;36.9464;115382.0
GocerlerYaylasi;30.0333;37.0;3129.0
Ilicakoy;30.6486;37.1714;3125.0
Huzurkent;34.8228;36.8802;102447.0
Civler;32.5838;36.667;2210.0
Esenpinar;34.1139;36.5904;2682.0
Arikli;35.0801;36.9806;90359.0
Yalci;32.2897;36.5581;3129.0
Herdem;31.2069;36.9864;4081.0
Bucakalan;31.7674;36.9883;9286.0
Gille;33.1167;36.8167;2308.0
Tosmurlu;33.9011;36.3835;74233.0
Baris;30.6891;36.9258;109256.0
Yesilkoy;30.012;36.4752;3129.0
Berendi;34.0493;37.2709;2682.0
Ortaoren;33.7062;36.4259;2682.0
Sarialan;33.5667;36.6333;2682.0
Dikmen;31.4497;36.8517;13362.0
Eksiler;33.8681;36.4108;30709.0
Kocasli;32.6333;36.55;1809.0
Isiktepe;34.5574;36.8711;52176.0
TozkoparanZahit;34.9148;36.9294;102347.0
Kayaonu;33.8341;37.1246;1788.0
Sapadere;32.2953;36.5058;3129.0
Hacimusalar;29.827;36.6458;3129.0
Saglik;34.6219;36.8146;73518.0
Altinkaya;31.1289;37.2333;3129.0
Yelten;30.2186;37.22;3122.0
Beldibi;30.5626;36.7346;321.0
Akarkoy;32.8361;37.2514;1791.0
Ayvacik;33.3335;36.753;2682.0
Nusratiye;34.6253;36.8063;61739.0
Salihler;31.7253;37.2342;3129.0
Yesiltepe;30.6792;36.9161;98280.0
Uzunlar;31.6436;36.7271;11265.0
Yavuz;30.2167;37.25;2847.0
Buyukalan;31.7436;37.0003;8644.0
Yarbascandir;30.3977;36.766;3129.0
Anamas;33.1667;37.05;1788.0
Doruklu;34.5592;36.915;25116.0
Asagicatma;31.0428;36.9044;24360.0
YunusEmre;34.872;36.8995;97589.0
Ortakoy;32.7849;36.0477;9287.0
Evrenli;34.5786;36.9461;7484.0
Ormanck;32.8959;36.2169;2682.0
Akyal;31.6562;36.686;11218.0
Hasanaga;34.9294;36.8186;8588.0
Ahatli;30.654;36.9189;109212.0
Atlilar;34.4398;37.0899;2533.0
Safak;30.6368;36.9144;108946.0
Gundogmus;31.9997;36.8134;5792.0
Cayir;33.9785;36.3372;60698.0
MithatToroglu;34.6083;36.8256;93710.0
HizirbeliYaylasi;31.1;37.25;3129.0
Odaonu;31.6833;36.6833;11266.0
Yunusoglu;34.9776;36.9539;97513.0
Sarpdere;32.5771;36.1592;3011.0
AsagiIsiklar;31.5018;36.8002;27608.0
BogecikIstasyonu;33.8566;37.456;2682.0
Degirmenbasi;33.2491;36.9701;1816.0
Cumhuriyet;33.3641;36.1583;2014.0
Susama;33.15;36.75;2678.0
Bahcedere;33.8689;36.3629;64080.0
Gokceoren;29.5424;36.239;2680.0
Gebiz;30.9378;37.1042;3129.0
Dorukent;34.5714;36.8834;50832.0
Fakirca;33.3876;36.6647;15709.0
Gursu;30.6312;36.8668;77972.0
Derekoy;33.2671;37.1289;21698.0
Taskale;33.6105;37.1415;1788.0
Cevlik;34.4559;36.7789;36121.0
Arpacbahsis;34.3508;36.6455;63888.0
Zeytincukuru;33.3293;36.5864;2682.0
Gozlubogazi;32.6165;36.4579;2758.0
Asmaca;32.0693;36.6183;7527.0
Evren;33.1494;36.6493;2455.0
Kemer;30.5606;36.5978;19100.0
Findikpinari;34.3683;36.9228;2550.0
Fatih;30.6525;36.9439;112462.0
Yerbagi;32.764;36.6035;1788.0
KarabagYaylasi;33.3389;36.8374;2654.0
Cendeve;31.7276;36.9823;3129.0
Guzelbag;31.8984;36.7336;3129.0
Guvenlik;30.6864;36.9005;90708.0
Kas;29.6377;36.2018;7800.0
Odabasi;30.6808;37.0263;40412.0
Gommece;34.8783;37.2164;3109.0
Sariveliler;32.612;36.6971;7507.0
Perakende;31.2294;36.8289;3600.0
Dagli;34.2624;36.7099;2682.0
Girne;34.8911;36.9068;98846.0
Tirilar;32.2656;36.4881;3129.0
Isikli;33.6881;36.2349;2680.0
Gulaliobasi;33.2833;37.45;2642.0
Yaylali;32.1059;36.5144;16628.0
Hocalar;31.2733;36.8906;5515.0
Turkmenusagi;34.045;36.4411;44722.0
Gokbuk;30.1167;36.45;3129.0
TurgutTurkalp;34.6133;36.8075;67742.0
Ugurlu;32.1669;36.5986;3129.0
Fuatmorel;34.5799;36.8096;88422.0
Zafer;30.689;36.9174;103877.0
Pinaronu;32.8374;36.5668;1797.0
AkolukMahallesi;34.0502;37.2522;2682.0
Gundogdu;31.2793;36.8531;10512.0
YukariKevzer;30.1667;37.2;3123.0
YavuzSelim;30.6848;36.9407;113439.0
Bagcatagi;34.7339;37.1304;2533.0
Sogutcuma;30.3703;36.6914;3129.0
Yarpuz;31.8575;37.1292;3129.0
Uncali;30.619;36.8876;98530.0
Leylekkoy;30.4015;37.2532;2504.0
Bukdegirmeni;33.9015;36.4267;37623.0
Degirmenozu;31.2206;37.3867;3173.0
Yeni;34.6339;36.8092;68349.0
Yalinligedigi;30.3252;37.1963;3129.0
Camlica;30.738;37.0503;16982.0
YukariIsiklar;31.4281;36.8742;8568.0
Hamidiye;34.6195;36.7897;46893.0
Guloluk;30.8576;37.1034;3129.0
Goztepe;33.2213;37.2728;8948.0
Yenikoy;34.8102;36.8163;50604.0
Elmali;30.7011;36.8908;74363.0
Armutlu;29.7762;36.5836;3129.0
Bagkoy;30.0162;36.5236;3129.0
Yenice;31.9008;36.6717;5039.0
Pinarbasi;31.8672;36.9016;3129.0
Baltali;35.0777;36.9495;58096.0
Akdam;31.8044;36.6397;16403.0
Aydincik;33.3149;36.1439;8385.0
Sihlar;33.8922;36.4426;20597.0
Yesilyurt;30.6367;36.9076;103118.0
Serik;31.0989;36.9169;36925.0
Cumali;31.0667;36.9167;22509.0
SehitKerim;34.8984;36.9158;99643.0
Pinarbasi;34.3627;36.7034;10964.0
Hisarkusak;33.4628;36.4367;2682.0
Cumhuriyet;34.8994;36.9123;99643.0
Nasrettin;32.7787;36.0424;8329.0
Sorgun;31.4167;36.7833;27897.0
Mahmutlu;31.7654;36.9166;3129.0
Lafza;32.7;36.75;1788.0
Yenidogan;30.6633;36.9127;101311.0
Finike;30.1406;36.295;9250.0
SartavulYaylasi;33.298;36.8842;2550.0
Caglarca;30.4564;36.8676;3129.0
Sarikavak;34.684;37.1111;2533.0
Suleymanlar;32.0223;36.6692;3129.0
Nebiler;30.604;36.9592;89064.0
Huyukburun;33.6437;37.3637;2024.0
Beden;32.2833;36.7744;3129.0
Gunder;32.6675;36.6085;1788.0
Asagioba;30.9309;37.0697;3129.0
Sandal;34.78;37.1779;2533.0
Kizilcadag;29.9631;37.0172;3129.0
Aybasti;33.1064;37.0026;1788.0
Derekoy;29.8539;36.8283;3129.0
Portakal;34.5937;36.818;89580.0
Asagioba;30.6397;37.1136;3129.0
Kamran;33.0833;36.9667;1788.0
Tasobasi;34.9296;37.0901;7242.0
Hurriyet;34.8907;36.9288;102482.0
Baharli;34.9552;36.7652;3060.0
Bucakkisla;33.022;36.9544;1788.0
FevziCakmak;34.9056;36.9259;103048.0
Ferizler;32.8667;36.15;7176.0
Buyuksoyle;30.0298;36.7009;3304.0
Gume;33.5089;36.9208;2549.0
Kizilagac;29.6966;36.3258;3129.0
Hasancik;33.2738;36.1739;2462.0
Eskihisar;29.808;36.79;3129.0
Akyazi;29.5044;36.3875;3129.0
Gokbelen;33.6505;36.3408;2682.0
Kalecik;31.857;36.7864;3129.0
Baglarbasi;34.822;36.9141;101833.0
Yenigun;30.7202;36.9;94647.0
Akkoc;30.4636;37.16;3129.0
Bahcekoy;33.9976;36.3544;66183.0
SehitlerTepesi;34.8639;36.9402;95912.0
Senir;33.6167;36.4167;2682.0
Asagikaraman;30.5735;36.9118;73456.0
Yukarikaraman;30.0397;37.0666;3129.0
Gazi;30.7159;36.9373;113968.0
Kapizli;34.0731;36.4085;57716.0
Belenobasi;31.5911;36.8181;3420.0
Saray;33.6739;37.3867;2326.0
Degnek;34.3935;37.067;2533.0
Zeyne;33.529;36.4446;2682.0
Tasli;29.6647;36.3378;3129.0
Haciomerli;34.1167;36.5667;2682.0
Kavakolugu;33.5099;36.3039;2682.0
Akcasehir;33.4951;37.4492;2653.0
Alatas;32.7711;36.0609;8713.0
Yokusbasi;33.7;36.2667;2682.0
Gurlu;34.9238;37.0629;19506.0
Gultepe;31.3747;36.8211;25624.0
Karapinar;32.8667;36.6167;1788.0
AsagiAsiklar;31.7378;36.9473;3129.0
Kizilcakisla;32.6167;36.6667;1967.0
Bedigin;31.3711;36.98;3129.0
Cayici;31.2669;37.1997;3129.0
Tahtaci;33.7667;36.2833;2655.0
Davazla;29.8789;36.2642;3119.0
YeniYorukkas;33.3413;36.223;2682.0
Tavsanli;33.2488;37.0232;1788.0
Pembelik;32.0826;36.8315;3129.0
Karaduvar;34.6833;36.8167;66493.0
Asagikoseler;33.5059;36.4959;2682.0
Baraj;30.7441;36.9421;115382.0
Burmahan;31.2735;37.1838;3129.0
AsagiBurhan;34.7284;36.8928;74451.0
Yagci;32.6201;37.0505;2073.0
Evren;33.2974;36.5875;2682.0
Kasdisler;32.8519;36.1145;15005.0
Aksu;30.8478;36.9539;105035.0
Nebiler;30.0097;36.9758;3129.0
Ucharman;33.8121;37.2866;2006.0
Mecidiye;33.0358;37.2355;1788.0
Halifeler;33.1806;36.2458;2682.0
Belenli;29.6967;36.2011;3073.0
Pinarcik;31.0355;37.0056;3136.0
Davultepe;34.4765;36.7173;60764.0
Kavakozu;33.7454;37.1665;1788.0
Enisbuku;32.7176;36.2103;2682.0
Suleymaniye;31.7689;37.2922;2975.0
Tekeli;33.2241;36.6472;2664.0
Olukpinar;33.0072;36.4726;2222.0
Siseler;31.4069;36.8624;14761.0
Tepekoy;33.5575;36.2194;2682.0
Elvanli;34.3737;36.704;2143.0
Duraliler;30.6113;36.9023;109713.0
Resadiye;34.9621;36.9086;71809.0
Korubasi;32.3506;36.2706;26907.0
Caltibuku;32.8242;36.2227;2682.0
Gaziler;30.7851;37.0078;61530.0
Barbaros;34.5752;36.7828;60352.0
Bagcilar;34.7812;36.8898;95932.0
KesmeceYaylasi;32.6814;36.4086;2639.0
Gedeller;30.5333;36.8167;27090.0
Distas;33.269;36.7988;2679.0
Arapsuyu;30.6529;36.8764;71234.0
Yukselis;30.6923;36.9128;97857.0
Gulek;34.81;37.2002;2533.0
Pugkaracadag;34.7027;36.944;19770.0
Bagbucagi;33.6833;36.2833;2682.0
NisaMahallesi;33.0334;36.5832;1794.0
Gulek;34.7699;37.2568;2533.0
Olukkoyagi;34.6878;37.2301;2533.0
Beyobasi;32.3377;36.2813;28828.0
Burunoba;33.3426;37.4506;2658.0
MehmetAkifErsoy;30.7186;36.9238;107643.0
Eskiyuruk;30.9718;36.9709;13440.0
Agacyurdu;33.2305;36.9911;1788.0
Uluc;30.6262;36.8756;85718.0
Susuzsahap;31.8064;37.2253;3129.0
Alayli;30.884;37.0561;3159.0
Ziyabeyciftligi;34.9333;36.9833;91124.0
Turgutreis;34.6159;36.7925;59411.0
Yilangomu;32.9558;37.0869;1788.0
Ustalar;32.9641;36.1426;10361.0
Cavuskoy;31.6;36.7167;15718.0
DerepazariYaylasi;33.0741;36.7373;2665.0
MehliYaylasi;34.35;36.8333;2663.0
IbrahimcavusunYaylasi;33.5667;37.5167;2682.0
Ovacik;30.1833;36.7911;3129.0
Yagart;33.2684;36.1843;2672.0
Isikolugu;33.85;36.4667;2682.0
Sarikaya;34.1126;36.7618;2682.0
Guvenevler;34.5857;36.7902;63375.0
Saracli;31.5961;36.8479;3129.0
Kislakoy;32.7253;36.7312;1788.0
Kozagaci;29.9194;36.9511;3129.0
Otluca;32.6699;36.3378;2776.0
Tasagil;31.2361;36.9224;6587.0
Demre;29.985;36.2444;15000.0
Cukurkonak;33.3322;36.3911;2682.0
Gokcam;30.5463;36.894;54505.0
AsagiKukur;32.7748;36.199;2682.0
Isikli;32.6567;36.578;1793.0
Civi;33.5565;36.8483;2643.0
Demirkapi;33.4638;36.9177;2549.0
Taspinar;32.9833;36.4333;2569.0
Bayat;33.1667;36.85;2102.0
MemurEvleri;30.6902;36.8952;82532.0
Hasanaliler;34.0833;36.4667;29148.0
Tozlu;34.121;36.8027;2678.0
Tosmur;32.052;36.5259;19186.0
Ohut;34.1899;36.7688;2682.0
Tepekoy;31.6337;36.8008;3129.0
Tilkiler;31.3167;36.8167;18608.0
Yikik;33.15;36.8667;1903.0
Payallar;31.8446;36.6023;5425.0
Yazir;30.2898;37.0103;3129.0
Yarikkuyu;33.703;37.2585;1788.0
Gunes;34.6362;36.8258;84554.0
Tekeler;33.8833;36.4;41656.0
Saribelen;29.482;36.2693;3050.0
Guzeloba;30.7942;36.8539;59121.0
Incirlik;30.3556;36.4655;3156.0
Bademagaci;32.0917;36.6164;6901.0
Cemerler;31.7678;36.9511;3129.0
Yenikoy;32.2667;36.7167;3129.0
Mezitli;34.5226;36.7454;60843.0
Civandere;32.5597;36.6832;2454.0
Baris;34.6183;36.7983;55902.0
Gunyurdu;35.1;37.0;88067.0
Elmadagi;33.1572;36.9154;1806.0
KirgedigiYaylasi;32.693;36.396;2663.0
Velicik;32.9091;36.1209;12561.0
Ulucak;30.1289;36.9803;3129.0
Nemiroglu;35.0128;36.9182;55118.0
Yuksekalan;30.7141;36.8915;75841.0
Sarikaya;33.4174;37.1222;1788.0
Takanli;34.4139;36.7863;8979.0
Zumrutova;29.8079;36.6027;3129.0
Comelek;33.6864;36.7095;2682.0
Yesilyurt;34.888;36.9233;103087.0
Mithatpasa;34.6338;36.8135;68349.0
Sabak;33.7452;36.4912;2682.0
Yeniguney;32.4669;36.284;3129.0
Yuksekkoy;35.045;36.9339;58950.0
Cortak;33.5975;36.508;2682.0
Goksu;33.4486;36.542;2973.0
Denizkent;31.2053;36.8328;4341.0
Elmayurdu;32.7026;36.6784;1788.0
Sazlikaya;33.3024;37.2637;19036.0
Bodrum;32.8;36.1667;2692.0
Kurbanli;34.9144;37.0387;32593.0
Aydinllikevler;34.5839;36.7841;63375.0
Seyranlik;33.8703;36.4628;2814.0
Camlica;32.4233;36.3957;3129.0
Mahmudiye;34.6239;36.8006;64632.0
Kirkpinar;29.9123;37.1448;2867.0
Topkaya;33.0944;36.8355;2169.0
Sinap;34.3325;36.8004;2676.0
Sutculer;30.7207;36.9332;111854.0
Geris;31.7331;36.9625;3129.0
Ozyurt;32.8787;37.2513;1788.0
Sevikguney;32.45;36.2667;3129.0
Duaci;30.65;36.9744;101192.0
Ovacik;33.9969;36.5085;2682.0
Burun;33.3176;36.7486;2682.0
Selimiye;30.6122;37.1148;3129.0
YukariMahalle;33.4123;37.0547;1794.0
Hurriyet;34.6046;36.7921;62967.0
Artikli;34.2167;36.5333;38824.0
Ahatli;29.7381;36.2658;3129.0
Haciveliler;30.2733;36.3675;29294.0
Kandil;33.2273;36.6841;2682.0
Tatkoy;30.2406;37.0447;14465.0
Ardicilitas;32.9382;36.4346;2490.0
Bucak;33.2858;36.221;2682.0
Camlitepe;31.7344;36.7556;3129.0
Dalakdere;34.5662;36.9244;19006.0
Fakilar;34.6522;37.1811;2533.0
Baglica;29.244;36.344;2239.0
Guney;31.8872;36.6694;5879.0
Taslica;31.7675;36.903;3129.0
Yukarikaraman;30.5333;36.9667;3951.0
Isiklar;33.1355;36.7967;2510.0
Eymir;29.8946;36.6677;5466.0
Copurlu;32.8561;36.4046;2562.0
Ambar;33.6291;37.4768;2682.0
Hacioglu;29.5456;36.2764;3129.0
Caykenari;30.3741;37.1877;3129.0
Antalya;30.6956;36.9081;1001318.0
Oren;33.9979;36.6547;2682.0
BeciGuzlesi;33.0909;36.6809;2493.0
Beydegirmeni;34.9228;36.9201;97497.0
Adros;33.2172;36.564;2347.0
Salur;30.2288;36.3726;24429.0
Islamlar;29.422;36.3132;3087.0
Yesilova;34.6309;36.9014;62344.0
AfetEvleri;33.5298;37.3037;1788.0
Canakpinar;31.8213;36.9981;12107.0
Camlica;33.6928;36.3346;2682.0
Akbelen;34.5944;36.8289;96228.0
Toslak;31.9029;36.6272;14548.0
Akpinar;33.4167;37.0333;1915.0
Husametli;34.1572;36.6644;2682.0
Camili;34.6199;36.8902;76519.0
Dindebol;32.7667;36.75;1788.0
Goltarla;29.9571;36.5627;3129.0
Golova;30.0389;36.7992;3129.0
Veyselli;34.1039;36.6378;2682.0
Arikuyusu;33.4442;36.4379;2682.0
Risvan;32.9145;36.1389;11590.0
MufideIlhan;34.6534;36.8188;72542.0
Tasbasi;32.2597;36.5886;3129.0
Ulupinar;33.5861;36.2715;2682.0
YukariCaglar;32.7992;36.7114;1788.0
Malotu;32.6608;36.0892;2280.0
Yenidumanlar;30.9008;36.9975;37286.0
Guzeloluk;30.7689;36.8765;85978.0
Fatih;34.589;37.0574;2533.0
Karaagac;33.5651;37.4152;2424.0
Alifaki;34.995;36.8831;23287.0
Barabanli;33.4138;36.6575;25371.0
Guneycik;31.785;36.7679;3129.0
Gazipasa;34.8657;36.9108;103127.0
Uzumlu;29.3989;36.3167;3112.0
BuyukKosebalci;34.8531;37.0237;13633.0
Cavuslu;34.9185;37.158;4282.0
Belenalan;31.7711;36.9999;12782.0
Ozlu;33.2335;36.7154;2682.0
Osmankallar;29.8622;37.1206;2592.0
Tece;34.449;36.7026;66405.0
Dikmen;31.7814;36.9694;3802.0
Dumlupinar;34.5821;36.7781;60352.0
Bahsis;34.8878;36.8233;25862.0
Gumuslu;33.749;36.347;2682.0
Elece;34.1333;36.6167;2682.0
CavdarYaylasi;29.5149;36.4526;3117.0
Calipinar;32.3119;36.3203;16356.0
Yeger;33.8333;36.3333;25693.0
Erdemli;34.3084;36.605;46570.0
Kilicliyayla;29.6984;36.5725;3129.0
Nurullah;33.3017;36.4095;2682.0
Gokkusagi;34.7219;36.9195;48147.0
Gokdere;30.9;37.0328;7192.0
Ugrak;32.2272;36.3598;2532.0
Boguntu;32.8135;36.2985;2682.0
Toros;34.1163;36.885;2585.0
Teknecik;33.318;36.2706;2682.0
MeydanKavagi;30.7234;36.8831;68589.0
Bademli;31.7379;37.3085;2906.0
Pelitpinari;33.582;36.3818;2682.0
Narince;32.9349;36.1448;10194.0
SevkatSumer;34.6505;36.8266;80565.0
Caykoy;29.3874;36.3417;3129.0
Sarikavak;33.643;36.5813;2682.0
Dumanlar;30.9027;37.0116;22251.0
Kozlubucak;33.2656;36.993;1788.0
Yildizkoy;33.469;36.7129;9436.0
Yapal;33.6683;36.2242;2543.0
Eminler;33.0991;37.3275;1788.0
Cukurkoy;31.8436;36.8711;3129.0
Goz;32.7201;36.0527;1923.0
Caybasi;29.7923;36.6136;3129.0
Ulugoz;33.9395;36.3549;97431.0
MustafaKemal;34.5971;36.8111;82637.0
Kucuklu;32.3503;36.3077;18768.0
Yuva;29.7607;36.7228;3129.0
Kuzdere;30.5292;36.5823;22385.0
Yumaklar;30.9858;37.1475;3129.0
Yalnizdam;29.8278;36.7686;3502.0
Akcakocali;34.8637;36.972;66951.0
Kinik;29.3213;36.3495;3012.0
Beylice;34.7661;37.0918;2533.0
Dibek;32.8095;36.2633;2682.0
Alakilise;32.8;36.7;1788.0
Aydinlar;34.1254;36.7697;2682.0
Intas;31.3286;37.3016;3129.0
Aliaga;34.9421;36.8354;13254.0
Caltepe;31.1875;37.3061;3129.0
Bilginler;31.1082;37.003;3725.0
Yaramis;35.0493;36.8233;3663.0
Camliyayla;34.593;37.1665;2533.0
Altaylilar;34.8559;36.9232;103142.0
Alacadag;30.0744;36.3967;4449.0
Boztepe;34.616;37.0811;2533.0
Soguksu;30.6806;36.8989;83106.0
Teomanpasa;30.7206;36.9183;107643.0
Toros;30.6463;36.8842;84136.0
Bogazcik;29.7532;36.1948;2871.0
Esencay;33.4595;36.7127;9739.0
Pembecik;33.2274;36.2688;2682.0
Gokcebelen;34.5416;36.8072;76440.0
Sogukpinar;31.8729;36.6553;11465.0
Baseski;32.6669;36.1104;2678.0
Evsin;33.1113;36.5911;1980.0
CelikalaniYaylasi;32.6351;36.3145;2946.0
Bucakkoy;32.2716;36.5741;3129.0
AydinOglu;33.3318;36.6215;2682.0
Dagkonak;32.9521;37.0281;1788.0
Uzuncaburc;33.9261;36.5837;2682.0
Batikent;34.5644;36.7834;76641.0
MusakoyMahallesi;33.7286;37.3546;2245.0
Palantepe;33.439;36.6107;25509.0
Beyreli;32.2226;36.43;8524.0
Silifke;33.9344;36.3778;75315.0
Yilancilar;32.7196;36.1638;2682.0
Guncali;29.8755;36.4595;3129.0
Kizilcukur;34.8167;37.1054;2533.0
Alacam;33.2649;36.6918;2682.0
Kizlaragini;33.6334;37.1425;1788.0
Palmiye;34.6083;36.7841;54635.0
Yaylapalamut;29.5193;36.4451;3125.0
Ikizcinar;32.9278;36.4855;2054.0
Mut;33.4388;36.6439;49397.0
Basyayla;32.6802;36.7534;5713.0
Tarsus;34.8928;36.9177;256482.0
Yukaricatma;30.9422;37.0381;3129.0
SeyircikYaylasi;32.2333;36.85;3128.0
Dayicik;33.2942;36.4268;2682.0
Yagda;34.0482;36.7362;2682.0
Yesilova;30.7617;36.8957;101987.0
Asaronu;30.094;36.3674;12519.0
Seyithasan;33.2216;37.0503;1788.0
Yenikoy;32.3127;36.4248;3129.0
Bezirgan;29.4597;36.275;3031.0
Kotekler;33.0129;36.3743;2682.0
Orenpinar;33.3594;36.4639;2682.0
Dolbazlar;31.4064;36.8357;24977.0
Fabrikalar;30.6681;36.9069;92230.0
Hisarici;31.9925;36.5327;10999.0
Karaisali;34.5833;36.8333;95123.0
Atakent;34.0579;36.4007;66573.0
Avkadi;34.1041;36.7813;2682.0
Cikcilli;32.0367;36.5497;21067.0
Kizilcayiryaylalari;32.55;36.8333;2551.0
Alibeyli;34.0331;36.6845;2682.0
Ovacik;33.6701;36.1846;1821.0
Dikmen;31.0008;36.9097;22420.0
Ormancik;32.8815;36.1959;2682.0
Topakli;34.744;37.0736;2533.0
Gozce;33.1692;36.1374;1605.0
DikenlikaracaorenYaylasi;33.9804;37.1946;2139.0
Sarilar;29.7989;36.6387;3129.0
Hirmanli;33.6281;36.2125;2270.0
Tekelioren;35.0004;36.9669;100168.0
Yakaciftlikoyu;29.93;36.6442;3305.0
Ciris;34.213;36.626;17087.0
Caybasi;30.7205;36.8859;78098.0
Yesildere;30.7331;36.9095;104404.0
Dedeler;33.6109;36.2688;2682.0
Dedeler;34.7866;36.96;45364.0
Gurses;29.9386;36.2652;18337.0
Arkum;34.0567;36.3519;45666.0
Bayir;33.1833;36.8;2481.0
Bayindir;29.6815;36.1893;2713.0
Gulumpasali;33.9203;36.3345;86872.0
Belek;31.0556;36.8628;73260.0
Sirali;30.2808;36.6439;3129.0
AgacliMahallesi;33.1225;37.0397;1788.0
Citdibi;30.4245;36.791;3129.0
Demirtas;32.1925;36.4261;9881.0
Hacisait;33.4414;36.4904;2682.0
CavdarYaylasi;33.9802;37.1199;2160.0
Genclik;30.7096;36.8767;66518.0
Yalcidibi;31.6833;36.7;10847.0
Guclukoy;31.7486;36.8139;3129.0
Mehmetcik;30.7416;36.8938;92678.0
Tatlar;29.9833;36.9333;3129.0
Kurtderesi;33.1641;37.148;23052.0
Catallar;30.0706;36.4897;3129.0
Saraycik;30.3667;36.65;3129.0
Yesilkaraman;30.8035;37.1153;3129.0
Varsak;30.7159;36.9897;91632.0
Gocuk;34.8645;37.08;2533.0
Bahcelievler;30.6866;36.8867;73691.0
Ayibeleni;30.3;36.65;3129.0
YalandizYaylasi;33.7667;36.35;2682.0
Esenli;34.6459;36.9405;28524.0
Sipahili;33.4644;36.1612;1782.0
Hatipler;31.4111;36.8113;30151.0
Demiryurt;33.0582;37.3386;1788.0
Sariaydin;33.922;36.7638;2682.0
Saglikli;34.9083;37.0332;33867.0
Beldibi;29.62;36.4348;3129.0
Adakoy;32.8974;36.9161;1788.0
